id,description,tags,weight,expectedResponseType,sourceSuiteId,sourceFile,requestText,reviewA_status,reviewA_presentation_valid,reviewA_urgency_valid,reviewA_must_not_miss,reviewA_questioning_valid,reviewA_unknown_policy_valid,reviewA_expectation_precision,reviewA_edit_reason,reviewA_notes,reviewB_status,reviewB_presentation_valid,reviewB_urgency_valid,reviewB_must_not_miss,reviewB_questioning_valid,reviewB_unknown_policy_valid,reviewB_expectation_precision,reviewB_edit_reason,reviewB_notes,panel_status,panel_owner,panel_notes
emergency-blue-gums-breathing,Blue gums with respiratory distress should immediately escalate.,emergency|respiratory|cyanosis,3,emergency,dog-triage-gold-candidate-emergency-a,01-emergency-a.json,My dog is struggling to breathe and his gums look blue.,pending,,,,,,unset,,,pending,,,,,,unset,,,pending,,
emergency-gdv-retching,Distended abdomen with unproductive retching should escalate.,emergency|gdv|abdomen,3,emergency,dog-triage-gold-candidate-emergency-a,01-emergency-a.json,His belly is huge and tight and he keeps trying to vomit but nothing comes out.,pending,,,,,,unset,,,pending,,,,,,unset,,,pending,,
emergency-urinary-blockage,Male dog straining with no urine should escalate.,emergency|urinary,3,emergency,dog-triage-gold-candidate-emergency-a,01-emergency-a.json,My male dog keeps squatting and straining but almost no urine is coming out.,pending,,,,,,unset,,,pending,,,,,,unset,,,pending,,
emergency-cluster-seizures,Multiple seizures in one day should escalate.,emergency|neurologic|seizure,3,emergency,dog-triage-gold-candidate-emergency-a,01-emergency-a.json,She has had two seizure episodes today and still seems out of it.,pending,,,,,,unset,,,pending,,,,,,unset,,,pending,,
emergency-deep-bleeding-wound,Deep actively bleeding wound should escalate.,emergency|wound|bleeding,3,emergency,dog-triage-gold-candidate-emergency-a,01-emergency-a.json,He has a deep cut on his leg and it is bleeding a lot right now.,pending,,,,,,unset,,,pending,,,,,,unset,,,pending,,
emergency-heatstroke,Overheating with collapse signs should escalate.,emergency|heat,3,emergency,dog-triage-gold-candidate-emergency-a,01-emergency-a.json,"After a walk in the heat she is panting hard, weak, and her gums look bright red.",pending,,,,,,unset,,,pending,,,,,,unset,,,pending,,
emergency-toxin-xylitol,Possible xylitol ingestion should escalate.,emergency|toxin,3,emergency,dog-triage-gold-candidate-emergency-a,01-emergency-a.json,My dog ate sugar-free gum and now she is vomiting and shaky.,pending,,,,,,unset,,,pending,,,,,,unset,,,pending,,
emergency-hit-by-car,Trauma with inability to stand should escalate.,emergency|trauma,3,emergency,dog-triage-gold-candidate-emergency-a,01-emergency-a.json,He was hit by a car and now he cannot stand up.,pending,,,,,,unset,,,pending,,,,,,unset,,,pending,,
emergency-dystocia,Stuck puppy during labor should escalate.,emergency|reproductive,3,emergency,dog-triage-gold-candidate-emergency-a,01-emergency-a.json,My dog is in labor and a puppy seems stuck with hard straining.,pending,,,,,,unset,,,pending,,,,,,unset,,,pending,,
emergency-postpartum-eclampsia,Nursing dam with tremors and weakness should escalate.,emergency|reproductive|tremors,3,emergency,dog-triage-gold-candidate-emergency-a,01-emergency-a.json,She is nursing puppies and now she is trembling badly and seems weak and restless.,pending,,,,,,unset,,,pending,,,,,,unset,,,pending,,
emergency-pale-gums-collapse,Collapse with pale gums should escalate.,emergency|collapse|shock,3,emergency,dog-triage-gold-candidate-emergency-b,02-emergency-b.json,He suddenly collapsed and his gums are very pale.,pending,,,,,,unset,,,pending,,,,,,unset,,,pending,,
emergency-anaphylaxis,Facial swelling with breathing trouble should escalate.,emergency|allergy,3,emergency,dog-triage-gold-candidate-emergency-b,02-emergency-b.json,After a bee sting her face swelled up and now she is breathing hard.,pending,,,,,,unset,,,pending,,,,,,unset,,,pending,,
emergency-vomit-blood-collapse,Vomiting blood with weakness should escalate.,emergency|gi|bleeding,3,emergency,dog-triage-gold-candidate-emergency-b,02-emergency-b.json,My dog threw up a lot of blood and now he is weak and wobbly.,pending,,,,,,unset,,,pending,,,,,,unset,,,pending,,
emergency-parvo-style-puppy,Unvaccinated puppy with vomiting and bloody diarrhea should escalate.,emergency|puppy|gi,3,emergency,dog-triage-gold-candidate-emergency-b,02-emergency-b.json,My unvaccinated puppy is vomiting and has bloody diarrhea and will not drink.,pending,,,,,,unset,,,pending,,,,,,unset,,,pending,,
emergency-open-fracture,Visible bone with limb trauma should escalate.,emergency|orthopedic|fracture,3,emergency,dog-triage-gold-candidate-emergency-b,02-emergency-b.json,He is limping badly and I can actually see bone through the wound on the leg.,pending,,,,,,unset,,,pending,,,,,,unset,,,pending,,
emergency-resting-open-mouth-breathing,Open-mouth breathing at rest with cyanotic concern should escalate.,emergency|respiratory,3,emergency,dog-triage-gold-candidate-emergency-b,02-emergency-b.json,He is open-mouth breathing while resting and his gums are looking bluish.,pending,,,,,,unset,,,pending,,,,,,unset,,,pending,,
emergency-pyometra-style,Intact female with foul discharge and collapse risk should escalate.,emergency|reproductive,3,emergency,dog-triage-gold-candidate-emergency-b,02-emergency-b.json,"My unspayed dog is lethargic, drinking a lot, and has foul vaginal discharge.",pending,,,,,,unset,,,pending,,,,,,unset,,,pending,,
emergency-oral-bleeding-cant-swallow,Oral bleeding with inability to drink should escalate.,emergency|oral,3,emergency,dog-triage-gold-candidate-emergency-b,02-emergency-b.json,There is blood coming from his mouth and he cannot really eat or drink.,pending,,,,,,unset,,,pending,,,,,,unset,,,pending,,
emergency-rat-poison-bleeding,Possible anticoagulant rodenticide exposure with bleeding should escalate.,emergency|toxin|bleeding,3,emergency,dog-triage-gold-candidate-emergency-b,02-emergency-b.json,My dog may have gotten rat poison and now I see bleeding from his gums.,pending,,,,,,unset,,,pending,,,,,,unset,,,pending,,
emergency-unresponsive-after-tremors,Unresponsive dog after tremors should escalate.,emergency|neurologic|collapse,3,emergency,dog-triage-gold-candidate-emergency-b,02-emergency-b.json,She was shaking and now she is barely responsive.,pending,,,,,,unset,,,pending,,,,,,unset,,,pending,,
question-limping-sudden,Straightforward limping complaint should open orthopedic question flow.,question|orthopedic,2,question,dog-triage-gold-candidate-common-a,03-common-a.json,My dog is limping today.,pending,,,,,,unset,,,pending,,,,,,unset,,,pending,,
question-vomiting,Vomiting should open GI question flow.,question|gi,2,question,dog-triage-gold-candidate-common-a,03-common-a.json,My dog has been vomiting since this morning.,pending,,,,,,unset,,,pending,,,,,,unset,,,pending,,
question-diarrhea,Diarrhea without emergency cues should open GI question flow.,question|gi,2,question,dog-triage-gold-candidate-common-a,03-common-a.json,He has had loose diarrhea all day but is still acting pretty normal.,pending,,,,,,unset,,,pending,,,,,,unset,,,pending,,
question-coughing,Coughing should open respiratory question flow.,question|respiratory,2,question,dog-triage-gold-candidate-common-a,03-common-a.json,My dog has been coughing for a few days.,pending,,,,,,unset,,,pending,,,,,,unset,,,pending,,
question-excessive-scratching,Pruritus should open dermatology question flow.,question|dermatology,2,question,dog-triage-gold-candidate-common-a,03-common-a.json,She keeps scratching her paws and ears all the time.,pending,,,,,,unset,,,pending,,,,,,unset,,,pending,,
question-drinking-more,Increased thirst should open endocrine/urinary question flow.,question|endocrine|urinary,2,question,dog-triage-gold-candidate-common-a,03-common-a.json,My dog is drinking way more water and peeing more than usual.,pending,,,,,,unset,,,pending,,,,,,unset,,,pending,,
question-trembling,Trembling without collapse should open neurologic/systemic question flow.,question|neurologic,2,question,dog-triage-gold-candidate-common-a,03-common-a.json,He has been trembling off and on since last night.,pending,,,,,,unset,,,pending,,,,,,unset,,,pending,,
question-gradual-belly-enlargement,Gradual abdominal enlargement should open abdomen question flow.,question|abdomen,2,question,dog-triage-gold-candidate-common-a,03-common-a.json,Her belly has been getting more swollen over the past two weeks.,pending,,,,,,unset,,,pending,,,,,,unset,,,pending,,
question-small-blood-in-stool,Small amount of blood in stool should open GI clarification flow.,question|gi|blood,2,question,dog-triage-gold-candidate-common-a,03-common-a.json,There were a few streaks of blood in my dog's stool today.,pending,,,,,,unset,,,pending,,,,,,unset,,,pending,,
question-eye-discharge,Eye discharge should open ophthalmic question flow.,question|eye,2,question,dog-triage-gold-candidate-common-a,03-common-a.json,My dog's left eye has yellow discharge and she keeps squinting a little.,pending,,,,,,unset,,,pending,,,,,,unset,,,pending,,
question-ear-scratching,Ear scratching with odor should open otic question flow.,question|ear,2,question,dog-triage-gold-candidate-common-b,04-common-b.json,He keeps scratching his ears and they smell bad.,pending,,,,,,unset,,,pending,,,,,,unset,,,pending,,
question-weight-loss,Weight loss complaint should open systemic question flow.,question|systemic,2,question,dog-triage-gold-candidate-common-b,04-common-b.json,My dog is losing weight even though he is still eating.,pending,,,,,,unset,,,pending,,,,,,unset,,,pending,,
question-wound-skin-issue,Localized skin wound should open wound flow.,question|wound,2,question,dog-triage-gold-candidate-common-b,04-common-b.json,There is a sore on his rear leg and he will not stop licking it.,pending,,,,,,unset,,,pending,,,,,,unset,,,pending,,
question-urination-problem,Urinary problem without full obstruction should open urinary flow.,question|urinary,2,question,dog-triage-gold-candidate-common-b,04-common-b.json,She is having accidents and seems to strain a little when she pees.,pending,,,,,,unset,,,pending,,,,,,unset,,,pending,,
question-behavior-change,Behavior change should open neurologic/systemic behavior flow.,question|behavior,2,question,dog-triage-gold-candidate-common-b,04-common-b.json,My dog seems confused lately and paces around at night.,pending,,,,,,unset,,,pending,,,,,,unset,,,pending,,
question-swelling-lump,New lump should open mass characterization flow.,question|mass,2,question,dog-triage-gold-candidate-common-b,04-common-b.json,I found a new lump under the skin on my dog's side.,pending,,,,,,unset,,,pending,,,,,,unset,,,pending,,
question-dental-problem,Bad breath and chewing difficulty should open dental flow.,question|dental,2,question,dog-triage-gold-candidate-common-b,04-common-b.json,Her breath is awful and she drops food when she tries to chew.,pending,,,,,,unset,,,pending,,,,,,unset,,,pending,,
question-hair-loss,Hair loss should open dermatology flow.,question|dermatology,2,question,dog-triage-gold-candidate-common-b,04-common-b.json,My dog is losing patches of hair on her back and belly.,pending,,,,,,unset,,,pending,,,,,,unset,,,pending,,
question-regurgitation,Regurgitation after meals should open regurgitation flow.,question|gi,2,question,dog-triage-gold-candidate-common-b,04-common-b.json,"Food comes back up right after he eats, almost like he never digested it.",pending,,,,,,unset,,,pending,,,,,,unset,,,pending,,
question-constipation,Constipation should open GI motility flow.,question|gi,2,question,dog-triage-gold-candidate-common-b,04-common-b.json,He keeps straining to poop and only tiny dry pieces come out.,pending,,,,,,unset,,,pending,,,,,,unset,,,pending,,
question-generalized-stiffness,Stiffness after rest should open mobility flow.,question|mobility,2,question,dog-triage-gold-candidate-complex-followup,05-complex-and-followup.json,My senior dog is very stiff when he gets up after resting.,pending,,,,,,unset,,,pending,,,,,,unset,,,pending,,
question-nasal-discharge,Nasal discharge should open upper-airway flow.,question|respiratory|nasal,2,question,dog-triage-gold-candidate-complex-followup,05-complex-and-followup.json,He has discharge coming from one nostril and keeps sneezing.,pending,,,,,,unset,,,pending,,,,,,unset,,,pending,,
question-vomiting-diarrhea-combined,Vomiting and diarrhea together without emergency cues should open combined GI flow.,question|gi|combined,2,question,dog-triage-gold-candidate-complex-followup,05-complex-and-followup.json,My dog has both vomiting and diarrhea since last night but is still able to drink.,pending,,,,,,unset,,,pending,,,,,,unset,,,pending,,
question-coughing-breathing-combined,Cough plus breathing change should open combined respiratory flow.,question|respiratory|combined,2,question,dog-triage-gold-candidate-complex-followup,05-complex-and-followup.json,He has been coughing and his breathing seems noisier than usual.,pending,,,,,,unset,,,pending,,,,,,unset,,,pending,,
question-postoperative-concern,Post-op incision concern should open surgery follow-up flow.,question|postoperative,2,question,dog-triage-gold-candidate-complex-followup,05-complex-and-followup.json,My dog's incision looks red and puffy three days after surgery.,pending,,,,,,unset,,,pending,,,,,,unset,,,pending,,
question-senior-decline,General senior decline should open geriatric flow.,question|senior,2,question,dog-triage-gold-candidate-complex-followup,05-complex-and-followup.json,"My old dog is slowing down a lot, sleeping more, and just not himself lately.",pending,,,,,,unset,,,pending,,,,,,unset,,,pending,,
followup-limping-progression-unknown,Safe unknown handling should record unknown and continue when limping progression is unclear.,followup|unknown|orthopedic,2,question,dog-triage-gold-candidate-complex-followup,05-complex-and-followup.json,I really can't tell if it's better or worse.,pending,,,,,,unset,,,pending,,,,,,unset,,,pending,,
followup-trauma-history-unknown,Safe unknown handling should record trauma-history unknown and continue.,followup|unknown|orthopedic,2,question,dog-triage-gold-candidate-complex-followup,05-complex-and-followup.json,"I wasn't there, so I really don't know.",pending,,,,,,unset,,,pending,,,,,,unset,,,pending,,
followup-breathing-onset-unknown-escalates,Unsafe unknown handling should escalate if breathing onset cannot be assessed.,followup|unknown|respiratory|emergency,3,emergency,dog-triage-gold-candidate-complex-followup,05-complex-and-followup.json,"I don't know, I just found him like this.",pending,,,,,,unset,,,pending,,,,,,unset,,,pending,,
followup-water-intake-unknown,Safe unknown handling should record unknown water intake and continue.,followup|unknown|systemic,2,question,dog-triage-gold-candidate-complex-followup,05-complex-and-followup.json,Honestly I am not sure how much she is drinking.,pending,,,,,,unset,,,pending,,,,,,unset,,,pending,,
followup-gum-color-unknown-escalates,Unknown gum color on a respiratory emergency follow-up should escalate.,followup|unknown|respiratory|emergency,3,emergency,dog-triage-gold-candidate-high-risk-followup,06-high-risk-followup-and-adjudication.json,I can't tell what color they are right now.,pending,,,,,,unset,,,pending,,,,,,unset,,,pending,,
followup-consciousness-unknown-escalates,Unknown consciousness level during neurologic triage should escalate.,followup|unknown|neurologic|emergency,3,emergency,dog-triage-gold-candidate-high-risk-followup,06-high-risk-followup-and-adjudication.json,I don't know if he's fully aware right now.,pending,,,,,,unset,,,pending,,,,,,unset,,,pending,,
followup-cough-type-unknown-reasks,Unknown cough type should stay in clarification flow rather than closing the question.,followup|unknown|respiratory|clarification,2,question,dog-triage-gold-candidate-high-risk-followup,06-high-risk-followup-and-adjudication.json,I'm not sure what kind of cough it is.,pending,,,,,,unset,,,pending,,,,,,unset,,,pending,,
followup-blood-amount-unknown-reasks,Unknown blood amount should stay in clarification flow for stool blood triage.,followup|unknown|gi|clarification,2,question,dog-triage-gold-candidate-high-risk-followup,06-high-risk-followup-and-adjudication.json,I really can't tell how much blood there was.,pending,,,,,,unset,,,pending,,,,,,unset,,,pending,,
followup-appetite-change-unknown,Unknown appetite change should be safely recorded and continue.,followup|unknown|systemic,2,question,dog-triage-gold-candidate-high-risk-followup,06-high-risk-followup-and-adjudication.json,I don't really know if she's eating more or less.,pending,,,,,,unset,,,pending,,,,,,unset,,,pending,,
followup-stool-consistency-unknown,Unknown stool consistency should be safely recorded and continue.,followup|unknown|gi,2,question,dog-triage-gold-candidate-high-risk-followup,06-high-risk-followup-and-adjudication.json,"I have no idea, I didn't get a good look.",pending,,,,,,unset,,,pending,,,,,,unset,,,pending,,
followup-seasonal-pattern-unknown,Unknown seasonal pattern should be safely recorded for itch workups.,followup|unknown|dermatology,2,question,dog-triage-gold-candidate-high-risk-followup,06-high-risk-followup-and-adjudication.json,I'm honestly not sure if it's seasonal or not.,pending,,,,,,unset,,,pending,,,,,,unset,,,pending,,
followup-trembling-timing-unknown,Unknown trembling timing should be safely recorded and continue.,followup|unknown|neurologic,2,question,dog-triage-gold-candidate-high-risk-followup,06-high-risk-followup-and-adjudication.json,Hard to tell if it's constant or just on and off.,pending,,,,,,unset,,,pending,,,,,,unset,,,pending,,
followup-weight-bearing-unknown,Unknown weight-bearing status should be safely recorded and continue.,followup|unknown|orthopedic,2,question,dog-triage-gold-candidate-high-risk-followup,06-high-risk-followup-and-adjudication.json,I can't really tell how much weight he's putting on it.,pending,,,,,,unset,,,pending,,,,,,unset,,,pending,,
followup-vomit-duration-raw-text,A casual timeline for vomiting should stay as owner-provided duration text instead of being over-normalized.,followup|duration|gi,2,question,dog-triage-gold-candidate-high-risk-followup,06-high-risk-followup-and-adjudication.json,"For about three days, maybe since Monday night.",pending,,,,,,unset,,,pending,,,,,,unset,,,pending,,
followup-diarrhea-duration-raw-text,A conversational diarrhea timeline should remain preserved as natural-language duration evidence.,followup|duration|gi,2,question,dog-triage-gold-candidate-high-risk-followup,06-high-risk-followup-and-adjudication.json,"It started last Monday, so a couple of days now.",pending,,,,,,unset,,,pending,,,,,,unset,,,pending,,
followup-swelling-present-no,A direct no answer should close swelling-present follow-up cleanly.,followup|boolean|orthopedic,2,question,dog-triage-gold-candidate-high-risk-followup,06-high-risk-followup-and-adjudication.json,"No, I don't see any swelling.",pending,,,,,,unset,,,pending,,,,,,unset,,,pending,,
emergency-acute-paralysis,Acute inability to use the back legs should escalate immediately.,emergency|neurologic|mobility,3,emergency,dog-triage-gold-candidate-high-risk-followup,06-high-risk-followup-and-adjudication.json,My dog suddenly can't use his back legs and is dragging himself.,pending,,,,,,unset,,,pending,,,,,,unset,,,pending,,
emergency-hypoglycemia-toy-breed,Toy-breed puppy with tremors and collapse cues should escalate.,emergency|metabolic|puppy,3,emergency,dog-triage-gold-candidate-high-risk-followup,06-high-risk-followup-and-adjudication.json,"My tiny puppy is shaky, weak, and just flopped over after not eating well.",pending,,,,,,unset,,,pending,,,,,,unset,,,pending,,
emergency-repeated-nonproductive-heaving,Repeated nonproductive heaving with distress should escalate as abdominal emergency.,emergency|abdomen|retching,3,emergency,dog-triage-gold-candidate-high-risk-followup,06-high-risk-followup-and-adjudication.json,He keeps heaving like he needs to vomit but nothing is coming up and he looks panicked.,pending,,,,,,unset,,,pending,,,,,,unset,,,pending,,
repro-question-pseudopregnancy,Nest-making with mammary enlargement in an intact female should open reproductive questioning.,question|reproductive,2,question,dog-triage-gold-candidate-domain-expansion,07-domain-expansion.json,"My unspayed dog is carrying toys around, nesting, and her mammary area looks enlarged.",pending,,,,,,unset,,,pending,,,,,,unset,,,pending,,
repro-question-prolonged-heat,Prolonged heat-style spotting should open reproductive questioning.,question|reproductive,2,question,dog-triage-gold-candidate-domain-expansion,07-domain-expansion.json,My dog has had spotting from her vulva for a lot longer than usual.,pending,,,,,,unset,,,pending,,,,,,unset,,,pending,,
repro-question-mastitis-postpartum,Postpartum mammary pain and redness should open reproductive follow-up.,question|reproductive|postpartum,2,question,dog-triage-gold-candidate-domain-expansion,07-domain-expansion.json,"She had puppies recently and one of her mammary glands is red, hard, and painful.",pending,,,,,,unset,,,pending,,,,,,unset,,,pending,,
repro-question-scrotal-swelling,Scrotal swelling without collapse should open reproductive questioning.,question|reproductive|male,2,question,dog-triage-gold-candidate-domain-expansion,07-domain-expansion.json,My dog has swelling around his testicles and keeps licking there.,pending,,,,,,unset,,,pending,,,,,,unset,,,pending,,
repro-question-vaginal-discharge-bright,Stable vaginal discharge should open reproductive questioning when no collapse signs are present.,question|reproductive,2,question,dog-triage-gold-candidate-domain-expansion,07-domain-expansion.json,There is some discharge from my dog's vulva but she is still eating and acting okay.,pending,,,,,,unset,,,pending,,,,,,unset,,,pending,,
repro-emergency-labor-green-discharge,Green discharge before a puppy is delivered should escalate.,emergency|reproductive|labor,3,emergency,dog-triage-gold-candidate-domain-expansion,07-domain-expansion.json,My dog in labor has green discharge and no puppy has come out yet.,pending,,,,,,unset,,,pending,,,,,,unset,,,pending,,
repro-emergency-heavy-postpartum-bleeding,Heavy postpartum bleeding should escalate.,emergency|reproductive|bleeding,3,emergency,dog-triage-gold-candidate-domain-expansion,07-domain-expansion.json,She had puppies yesterday and now she is bleeding heavily and seems weak.,pending,,,,,,unset,,,pending,,,,,,unset,,,pending,,
repro-emergency-retained-puppy-collapse,Suspected retained puppy with shock signs should escalate.,emergency|reproductive|collapse,3,emergency,dog-triage-gold-candidate-domain-expansion,07-domain-expansion.json,"She finished having puppies but now seems weak, distressed, and still has strong contractions.",pending,,,,,,unset,,,pending,,,,,,unset,,,pending,,
repro-emergency-foul-discharge-fever,Foul discharge with systemic illness in an intact female should escalate.,emergency|reproductive|infection,3,emergency,dog-triage-gold-candidate-domain-expansion,07-domain-expansion.json,"My unspayed dog has smelly discharge, is drinking a lot, and feels feverish and miserable.",pending,,,,,,unset,,,pending,,,,,,unset,,,pending,,
repro-emergency-male-paraphimosis,Penis stuck out with swelling and distress should escalate.,emergency|reproductive|male,3,emergency,dog-triage-gold-candidate-domain-expansion,07-domain-expansion.json,"My dog's penis is stuck out, swollen, and he is very uncomfortable.",pending,,,,,,unset,,,pending,,,,,,unset,,,pending,,
toxin-question-chocolate-small-amount,Small chocolate exposure without symptoms should still open triage questioning.,question|toxin,2,question,dog-triage-gold-candidate-domain-expansion,07-domain-expansion.json,My little dog may have eaten some milk chocolate but seems normal right now.,pending,,,,,,unset,,,pending,,,,,,unset,,,pending,,
toxin-question-marijuana-drowsy,Possible marijuana exposure with mild signs should open toxin triage.,question|toxin|neurologic,2,question,dog-triage-gold-candidate-domain-expansion,07-domain-expansion.json,My dog got into an edible and now seems sleepy and wobbly.,pending,,,,,,unset,,,pending,,,,,,unset,,,pending,,
toxin-question-garlic-onion,Garlic or onion ingestion should open toxin triage when no collapse signs are present.,question|toxin,2,question,dog-triage-gold-candidate-domain-expansion,07-domain-expansion.json,My dog ate a bunch of oniony leftovers and now I am worried.,pending,,,,,,unset,,,pending,,,,,,unset,,,pending,,
toxin-question-ibuprofen-maybe,Possible ibuprofen ingestion should open toxin questioning immediately.,question|toxin,2,question,dog-triage-gold-candidate-domain-expansion,07-domain-expansion.json,I think my dog may have eaten one of my ibuprofen pills.,pending,,,,,,unset,,,pending,,,,,,unset,,,pending,,
toxin-emergency-antifreeze,Possible antifreeze ingestion should escalate immediately.,emergency|toxin,3,emergency,dog-triage-gold-candidate-domain-expansion,07-domain-expansion.json,My dog licked green fluid from the garage floor and is now staggering and drooling.,pending,,,,,,unset,,,pending,,,,,,unset,,,pending,,
toxin-emergency-sago-palm,Sago palm ingestion should escalate immediately.,emergency|toxin|plant,3,emergency,dog-triage-gold-candidate-domain-expansion,07-domain-expansion.json,My dog chewed on a sago palm and is vomiting now.,pending,,,,,,unset,,,pending,,,,,,unset,,,pending,,
toxin-emergency-grapes-weakness,Grape ingestion with vomiting or weakness should escalate.,emergency|toxin,3,emergency,dog-triage-gold-candidate-domain-expansion,07-domain-expansion.json,He ate a bunch of grapes and now is vomiting and acting weak.,pending,,,,,,unset,,,pending,,,,,,unset,,,pending,,
toxin-emergency-lily-chew,Household toxin exposure with GI signs and weakness should escalate.,emergency|toxin|household,3,emergency,dog-triage-gold-candidate-domain-expansion,07-domain-expansion.json,My dog got into a toxic plant and now is vomiting and seems really weak.,pending,,,,,,unset,,,pending,,,,,,unset,,,pending,,
toxin-emergency-tremorgenic-mycotoxin,Tremors after eating moldy food should escalate immediately.,emergency|toxin|neurologic,3,emergency,dog-triage-gold-candidate-domain-expansion,07-domain-expansion.json,He got into moldy trash and now he is shaking hard and cannot walk right.,pending,,,,,,unset,,,pending,,,,,,unset,,,pending,,
cardiac-question-cough-night,Night cough with stable behavior should open cardiac-respiratory questioning.,question|cardiac|respiratory,2,question,dog-triage-gold-candidate-domain-expansion,07-domain-expansion.json,My older dog coughs more at night and after resting.,pending,,,,,,unset,,,pending,,,,,,unset,,,pending,,
cardiac-question-exercise-intolerance,Exercise intolerance without collapse should open cardiac questioning.,question|cardiac,2,question,dog-triage-gold-candidate-domain-expansion,07-domain-expansion.json,My dog tires out much faster on walks and wants to stop early.,pending,,,,,,unset,,,pending,,,,,,unset,,,pending,,
cardiac-question-belly-fluid,Gradual abdominal fluid suspicion should open questioning when no crisis signs are present.,question|cardiac|abdomen,2,question,dog-triage-gold-candidate-domain-expansion,07-domain-expansion.json,His belly seems to be filling out and he gets tired more easily lately.,pending,,,,,,unset,,,pending,,,,,,unset,,,pending,,
cardiac-question-faint-then-recovers,Single recovered fainting spell should open urgent cardiac questioning.,question|cardiac|collapse,2,question,dog-triage-gold-candidate-domain-expansion,07-domain-expansion.json,My dog briefly fainted on a walk but came back around quickly.,pending,,,,,,unset,,,pending,,,,,,unset,,,pending,,
cardiac-emergency-collapse-blue-gums,Collapse with blue or gray gums should escalate immediately.,emergency|cardiac|collapse,3,emergency,dog-triage-gold-candidate-domain-expansion,07-domain-expansion.json,My dog collapsed and his gums looked blue-gray.,pending,,,,,,unset,,,pending,,,,,,unset,,,pending,,
cardiac-emergency-resting-breathing-distress,Resting respiratory distress in a heart-disease style presentation should escalate.,emergency|cardiac|respiratory,3,emergency,dog-triage-gold-candidate-domain-expansion,07-domain-expansion.json,He has known heart disease and now is breathing hard even while lying still.,pending,,,,,,unset,,,pending,,,,,,unset,,,pending,,
cardiac-emergency-collapse-after-excitement,Collapse after excitement with delayed recovery should escalate.,emergency|cardiac|collapse,3,emergency,dog-triage-gold-candidate-domain-expansion,07-domain-expansion.json,"My dog got excited, collapsed, and still seems weak and out of it.",pending,,,,,,unset,,,pending,,,,,,unset,,,pending,,
cardiac-emergency-rapid-breathing-pale,Rapid breathing with pallor and weakness should escalate.,emergency|cardiac|shock,3,emergency,dog-triage-gold-candidate-domain-expansion,07-domain-expansion.json,"She is breathing fast, looks pale, and can barely stand up.",pending,,,,,,unset,,,pending,,,,,,unset,,,pending,,
oncology-question-new-lump,Stable new skin lump should open mass characterization questioning.,question|oncology|mass,2,question,dog-triage-gold-candidate-domain-expansion,07-domain-expansion.json,I found a round new lump on my dog's side and it does not seem painful.,pending,,,,,,unset,,,pending,,,,,,unset,,,pending,,
oncology-question-weight-loss-lump,Weight loss plus a new mass should open serious systemic questioning.,question|oncology|systemic,2,question,dog-triage-gold-candidate-domain-expansion,07-domain-expansion.json,My dog has been losing weight and I also found a lump near his ribs.,pending,,,,,,unset,,,pending,,,,,,unset,,,pending,,
oncology-question-oral-mass,Possible oral mass with otherwise stable behavior should open questioning.,question|oncology|oral,2,question,dog-triage-gold-candidate-domain-expansion,07-domain-expansion.json,There seems to be a growth in my dog's mouth and his breath is terrible.,pending,,,,,,unset,,,pending,,,,,,unset,,,pending,,
oncology-question-bone-pain,Gradual limb pain and swelling should open orthopedic-oncology questioning.,question|oncology|orthopedic,2,question,dog-triage-gold-candidate-domain-expansion,07-domain-expansion.json,My big dog has a swollen painful leg and a limp that has been getting worse for weeks.,pending,,,,,,unset,,,pending,,,,,,unset,,,pending,,
oncology-question-lymph-node-swelling,Multiple enlarged lymph-node style swellings should open systemic questioning.,question|oncology|systemic,2,question,dog-triage-gold-candidate-domain-expansion,07-domain-expansion.json,I can feel several swollen lumps under my dog's jaw and behind his knees.,pending,,,,,,unset,,,pending,,,,,,unset,,,pending,,
oncology-emergency-bleeding-splenic-rupture-style,Acute collapse with abdominal distension in a cancer-risk presentation should escalate.,emergency|oncology|bleeding|abdomen,3,emergency,dog-triage-gold-candidate-domain-expansion,07-domain-expansion.json,"My older dog suddenly collapsed, has a swollen belly, and his gums are very pale.",pending,,,,,,unset,,,pending,,,,,,unset,,,pending,,
oncology-emergency-mouth-tumor-bleeding,Heavy bleeding from an oral mass should escalate.,emergency|oncology|oral|bleeding,3,emergency,dog-triage-gold-candidate-domain-expansion,07-domain-expansion.json,There is a growth in my dog's mouth and now it is bleeding a lot.,pending,,,,,,unset,,,pending,,,,,,unset,,,pending,,
oncology-emergency-obstructive-neck-mass,Neck swelling causing breathing or swallowing trouble should escalate.,emergency|oncology|airway,3,emergency,dog-triage-gold-candidate-domain-expansion,07-domain-expansion.json,My dog has a large throat lump and now he is struggling to swallow and breathe.,pending,,,,,,unset,,,pending,,,,,,unset,,,pending,,
oncology-emergency-nosebleed-collapse,Severe nosebleed with weakness should escalate.,emergency|oncology|bleeding|nasal,3,emergency,dog-triage-gold-candidate-domain-expansion,07-domain-expansion.json,My dog has a major nosebleed and is now weak and shaky.,pending,,,,,,unset,,,pending,,,,,,unset,,,pending,,
emergency-bloat-gasdilation,Acute gastric dilation without retching should escalate.,emergency|abdomen|bloat,3,emergency,dog-triage-gold-candidate-emergency-expansion,08-emergency-expansion.json,My dog's belly is hugely swollen and he keeps pacing and drooling.,pending,,,,,,unset,,,pending,,,,,,unset,,,pending,,
emergency-dog-bite-wound,Deep bite wound with tissue damage should escalate.,emergency|trauma|wound,3,emergency,dog-triage-gold-candidate-emergency-expansion,08-emergency-expansion.json,My dog was attacked and has deep puncture wounds on his chest.,pending,,,,,,unset,,,pending,,,,,,unset,,,pending,,
emergency-diabetic-crisis,Known diabetic dog that is disoriented and weak should escalate.,emergency|endocrine|metabolic,3,emergency,dog-triage-gold-candidate-emergency-expansion,08-emergency-expansion.json,My diabetic dog is stumbling around and seems very confused.,pending,,,,,,unset,,,pending,,,,,,unset,,,pending,,
emergency-prolonged-seizure,Seizure lasting more than five minutes should escalate as status epilepticus.,emergency|neurologic|seizure,3,emergency,dog-triage-gold-candidate-emergency-expansion,08-emergency-expansion.json,My dog has been having a seizure for over five minutes and won't stop.,pending,,,,,,unset,,,pending,,,,,,unset,,,pending,,
emergency-choking-foreign-body,Choking with gagging and pawing at mouth should escalate.,emergency|airway|choking,3,emergency,dog-triage-gold-candidate-emergency-expansion,08-emergency-expansion.json,My dog is gagging and pawing at his mouth like something is stuck.,pending,,,,,,unset,,,pending,,,,,,unset,,,pending,,
emergency-glaucoma-eye,Sudden cloudy bulging eye with pain should escalate.,emergency|eye|glaucoma,3,emergency,dog-triage-gold-candidate-emergency-expansion,08-emergency-expansion.json,"My dog's eye is suddenly cloudy, bulging, and he seems to be in pain.",pending,,,,,,unset,,,pending,,,,,,unset,,,pending,,
emergency-imma-mediated-thrombocytopenia,Tiny pinpoint bleeding spots on gums with weakness should escalate.,emergency|blood|immune,3,emergency,dog-triage-gold-candidate-emergency-expansion,08-emergency-expansion.json,There are tiny red spots all over my dog's gums and she is very weak.,pending,,,,,,unset,,,pending,,,,,,unset,,,pending,,
emergency-burn-chemical,Chemical burn to skin or paws should escalate.,emergency|chemical|skin,3,emergency,dog-triage-gold-candidate-emergency-expansion,08-emergency-expansion.json,My dog stepped in drain cleaner and his paw is red and blistered.,pending,,,,,,unset,,,pending,,,,,,unset,,,pending,,
emergency-allergic-reaction-hives,Widespread hives with facial swelling should escalate.,emergency|allergy|anaphylaxis,3,emergency,dog-triage-gold-candidate-emergency-expansion,08-emergency-expansion.json,My dog is covered in hives and his face is puffing up after a bug bite.,pending,,,,,,unset,,,pending,,,,,,unset,,,pending,,
emergency-urinary-female-blockage,Female dog with signs of urinary discomfort and frequent squatting should escalate.,emergency|urinary,3,emergency,dog-triage-gold-candidate-emergency-expansion,08-emergency-expansion.json,My dog keeps trying to pee but nothing comes out and she's crying.,pending,,,,,,unset,,,pending,,,,,,unset,,,pending,,
emergency-electrical-shock,Possible electrocution from chewing a cord should escalate.,emergency|trauma|electrical,3,emergency,dog-triage-gold-candidate-emergency-expansion,08-emergency-expansion.json,My puppy chewed an electrical cord and now he is trembling and weak.,pending,,,,,,unset,,,pending,,,,,,unset,,,pending,,
emergency-protozoal-acute-babesia,Acute weakness with pale gums and dark urine should escalate.,emergency|infectious|blood,3,emergency,dog-triage-gold-candidate-emergency-expansion,08-emergency-expansion.json,"My dog is extremely weak, his gums are pale, and his urine is dark brown.",pending,,,,,,unset,,,pending,,,,,,unset,,,pending,,
emergency-snake-bite,Suspected snake bite with swelling and pain should escalate.,emergency|bite|venom,3,emergency,dog-triage-gold-candidate-emergency-expansion,08-emergency-expansion.json,My dog was bitten by a snake and his face is swelling badly.,pending,,,,,,unset,,,pending,,,,,,unset,,,pending,,
emergency-addisonian-crisis,Collapse with history of intermittent GI signs should escalate as Addisonian crisis.,emergency|endocrine|collapse,3,emergency,dog-triage-gold-candidate-emergency-expansion,08-emergency-expansion.json,My dog has been having intermittent vomiting and now she has collapsed.,pending,,,,,,unset,,,pending,,,,,,unset,,,pending,,
emergency-hemorrhagic-diarrhea-shock,Profuse bloody diarrhea with weakness and pale gums should escalate.,emergency|gi|bleeding,3,emergency,dog-triage-gold-candidate-emergency-expansion,08-emergency-expansion.json,My dog has explosive bloody diarrhea and is weak with pale gums.,pending,,,,,,unset,,,pending,,,,,,unset,,,pending,,
emergency-difficulty-breathing-kennel,Severe breathing difficulty after kennel exposure should escalate.,emergency|respiratory|infectious,3,emergency,dog-triage-gold-candidate-emergency-expansion,08-emergency-expansion.json,"After boarding, my dog is struggling to breathe and making honking sounds.",pending,,,,,,unset,,,pending,,,,,,unset,,,pending,,
emergency-bloat-after-meal,Restlessness after large meal with swollen belly should escalate.,emergency|abdomen|bloat,3,emergency,dog-triage-gold-candidate-emergency-expansion,08-emergency-expansion.json,After eating a big meal my dog is restless and his belly looks tight and swollen.,pending,,,,,,unset,,,pending,,,,,,unset,,,pending,,
emergency-seizure-first-time,First-time seizure in an adult dog should escalate.,emergency|neurologic|seizure,3,emergency,dog-triage-gold-candidate-emergency-expansion,08-emergency-expansion.json,My dog just had his first ever seizure and is now confused and disoriented.,pending,,,,,,unset,,,pending,,,,,,unset,,,pending,,
emergency-breathing-labored,Labored breathing with abdominal effort should escalate.,emergency|respiratory,3,emergency,dog-triage-gold-candidate-emergency-expansion,08-emergency-expansion.json,My dog is breathing with great effort using his belly muscles.,pending,,,,,,unset,,,pending,,,,,,unset,,,pending,,
emergency-vomiting-green,Vomiting green bile repeatedly should escalate.,emergency|gi,3,emergency,dog-triage-gold-candidate-emergency-expansion,08-emergency-expansion.json,My dog keeps throwing up green bile and won't eat or drink.,pending,,,,,,unset,,,pending,,,,,,unset,,,pending,,
emergency-limping-cry-pain,Limping with crying in pain should escalate.,emergency|orthopedic,3,emergency,dog-triage-gold-candidate-emergency-expansion,08-emergency-expansion.json,My dog is limping and crying in pain and won't let me touch his back.,pending,,,,,,unset,,,pending,,,,,,unset,,,pending,,
emergency-urinary-blockage-distress,Urinary blockage with vocalizing distress should escalate.,emergency|urinary,3,emergency,dog-triage-gold-candidate-emergency-expansion,08-emergency-expansion.json,My dog is crying and trying to pee but nothing has come out for hours.,pending,,,,,,unset,,,pending,,,,,,unset,,,pending,,
emergency-wound-deep-avulsion,Skin avulsion wound should escalate.,emergency|trauma|wound,3,emergency,dog-triage-gold-candidate-emergency-expansion,08-emergency-expansion.json,My dog has a large flap of skin hanging off his shoulder from a fence incident.,pending,,,,,,unset,,,pending,,,,,,unset,,,pending,,
emergency-trembling-cold-weak,Trembling with weakness and cold extremities should escalate.,emergency|metabolic|trembling,3,emergency,dog-triage-gold-candidate-emergency-expansion,08-emergency-expansion.json,"My dog is trembling, weak, and his ears and paws feel cold.",pending,,,,,,unset,,,pending,,,,,,unset,,,pending,,
followup-seizure-duration-unknown,Unknown seizure duration should escalate as unsafe unknown.,followup|unknown|neurologic|emergency,3,emergency,dog-triage-gold-candidate-emergency-expansion,08-emergency-expansion.json,"I don't know how long it lasted, it felt like forever.",pending,,,,,,unset,,,pending,,,,,,unset,,,pending,,
followup-breathing-pattern-unknown,Unknown breathing pattern should escalate as unsafe unknown.,followup|unknown|respiratory|emergency,3,emergency,dog-triage-gold-candidate-emergency-expansion,08-emergency-expansion.json,"I can't describe how he's breathing, he just seems off.",pending,,,,,,unset,,,pending,,,,,,unset,,,pending,,
sameday-ear-infection,Head shaking with ear odor and discharge should be same-day.,same-day|ear|infection,2,question,dog-triage-gold-candidate-same-day-urgent,09-same-day-urgent.json,My dog keeps shaking his head and his ear smells bad with dark discharge.,pending,,,,,,unset,,,pending,,,,,,unset,,,pending,,
sameday-vomiting-multiple-times,Multiple vomiting episodes in 24 hours without blood should be same-day.,same-day|gi,2,question,dog-triage-gold-candidate-same-day-urgent,09-same-day-urgent.json,My dog has thrown up four times today but is still trying to drink.,pending,,,,,,unset,,,pending,,,,,,unset,,,pending,,
sameday-limping-non-weight-bearing,Non-weight-bearing lameness should be same-day.,same-day|orthopedic,2,question,dog-triage-gold-candidate-same-day-urgent,09-same-day-urgent.json,My dog won't put any weight on his front leg after playing fetch.,pending,,,,,,unset,,,pending,,,,,,unset,,,pending,,
sameday-urinary-blood,Blood visible in urine without obstruction signs should be same-day.,same-day|urinary|blood,2,question,dog-triage-gold-candidate-same-day-urgent,09-same-day-urgent.json,I noticed blood in my dog's urine this morning but she is still peeing normally.,pending,,,,,,unset,,,pending,,,,,,unset,,,pending,,
sameday-skin-hot-spot-rapid,Rapidly growing hot spot should be same-day.,same-day|skin|infection,2,question,dog-triage-gold-candidate-same-day-urgent,09-same-day-urgent.json,My dog developed a big red wet sore on her side overnight.,pending,,,,,,unset,,,pending,,,,,,unset,,,pending,,
sameday-coughing-worsening,Worsening cough over several days with normal energy should be same-day.,same-day|respiratory,2,question,dog-triage-gold-candidate-same-day-urgent,09-same-day-urgent.json,My dog has been coughing for five days and it is getting worse but she still eats.,pending,,,,,,unset,,,pending,,,,,,unset,,,pending,,
sameday-diarrhea-persistent,Diarrhea persisting for three days should be same-day.,same-day|gi,2,question,dog-triage-gold-candidate-same-day-urgent,09-same-day-urgent.json,My dog has had diarrhea for three days straight but is still acting normal.,pending,,,,,,unset,,,pending,,,,,,unset,,,pending,,
sameday-eye-squinting-red,Red squinting eye without discharge should be same-day.,same-day|eye,2,question,dog-triage-gold-candidate-same-day-urgent,09-same-day-urgent.json,My dog is squinting one eye and it looks red.,pending,,,,,,unset,,,pending,,,,,,unset,,,pending,,
sameday-trembling-persistent,Persistent trembling for hours should be same-day.,same-day|neurologic,2,question,dog-triage-gold-candidate-same-day-urgent,09-same-day-urgent.json,My dog has been trembling for hours even after being warmed up.,pending,,,,,,unset,,,pending,,,,,,unset,,,pending,,
sameday-swollen-abdomen-mild,Mild abdominal swelling without distress should be same-day.,same-day|abdomen,2,question,dog-triage-gold-candidate-same-day-urgent,09-same-day-urgent.json,My dog's belly looks more swollen than usual but he is still eating.,pending,,,,,,unset,,,pending,,,,,,unset,,,pending,,
sameday-itching-intense,Intense scratching with skin damage should be same-day.,same-day|dermatology,2,question,dog-triage-gold-candidate-same-day-urgent,09-same-day-urgent.json,My dog is scratching so hard she has raw patches on her skin.,pending,,,,,,unset,,,pending,,,,,,unset,,,pending,,
sameday-weight-loss-rapid,Noticeable weight loss over two weeks should be same-day.,same-day|systemic,2,question,dog-triage-gold-candidate-same-day-urgent,09-same-day-urgent.json,My dog has lost a noticeable amount of weight in the last two weeks.,pending,,,,,,unset,,,pending,,,,,,unset,,,pending,,
sameday-dental-bleeding-gum,Bleeding from gums with dental pain should be same-day.,same-day|dental,2,question,dog-triage-gold-candidate-same-day-urgent,09-same-day-urgent.json,My dog's gums are bleeding and she cries when I try to check her teeth.,pending,,,,,,unset,,,pending,,,,,,unset,,,pending,,
sameday-hair-loss-spreading,Spreading hair loss patches should be same-day.,same-day|dermatology,2,question,dog-triage-gold-candidate-same-day-urgent,09-same-day-urgent.json,The bald patches on my dog are spreading to new areas.,pending,,,,,,unset,,,pending,,,,,,unset,,,pending,,
sameday-vaginal-discharge-mild,Vaginal discharge without systemic illness should be same-day.,same-day|reproductive,2,question,dog-triage-gold-candidate-same-day-urgent,09-same-day-urgent.json,My dog has a discharge from her vulva but is otherwise acting normal.,pending,,,,,,unset,,,pending,,,,,,unset,,,pending,,
sameday-drinking-excessive,Excessive water consumption over several days should be same-day.,same-day|endocrine,2,question,dog-triage-gold-candidate-same-day-urgent,09-same-day-urgent.json,My dog is drinking entire bowls of water and refilling them multiple times a day.,pending,,,,,,unset,,,pending,,,,,,unset,,,pending,,
sameday-behavior-hiding,New hiding behavior with appetite changes should be same-day.,same-day|behavior,2,question,dog-triage-gold-candidate-same-day-urgent,09-same-day-urgent.json,My dog is hiding under the bed and not eating like usual.,pending,,,,,,unset,,,pending,,,,,,unset,,,pending,,
sameday-regurgitation-frequent,Frequent regurgitation after meals should be same-day.,same-day|gi,2,question,dog-triage-gold-candidate-same-day-urgent,09-same-day-urgent.json,My dog regurgitates after almost every meal now.,pending,,,,,,unset,,,pending,,,,,,unset,,,pending,,
sameday-abdominal-pain-tense,Tense painful abdomen should be same-day.,same-day|abdomen|pain,2,question,dog-triage-gold-candidate-same-day-urgent,09-same-day-urgent.json,My dog's belly feels tight and hard and he cries when I press it.,pending,,,,,,unset,,,pending,,,,,,unset,,,pending,,
sameday-face-swelling-worsening,Worsening facial swelling should be same-day.,same-day|allergy|face,2,question,dog-triage-gold-candidate-same-day-urgent,09-same-day-urgent.json,My dog's face has been getting more swollen over the past few hours.,pending,,,,,,unset,,,pending,,,,,,unset,,,pending,,
sameday-scooting-blood,Scooting with visible blood should be same-day.,same-day|anal_gland|blood,2,question,dog-triage-gold-candidate-same-day-urgent,09-same-day-urgent.json,My dog is scooting and I see bloody stool spots where he was sitting.,pending,,,,,,unset,,,pending,,,,,,unset,,,pending,,
sameday-skin-infection-spread,Rapidly spreading skin infection should be same-day.,same-day|skin|infection,2,question,dog-triage-gold-candidate-same-day-urgent,09-same-day-urgent.json,The greasy red skin infection on my dog has doubled in size since yesterday.,pending,,,,,,unset,,,pending,,,,,,unset,,,pending,,
sameday-drooling-cant-swallow,Excessive drooling with swallowing difficulty should be same-day.,same-day|oral|drooling,2,question,dog-triage-gold-candidate-same-day-urgent,09-same-day-urgent.json,My dog is drooling constantly and seems to have trouble swallowing.,pending,,,,,,unset,,,pending,,,,,,unset,,,pending,,
sameday-senior-not-eating-days,Senior not eating for multiple days should be same-day.,same-day|senior|appetite,2,question,dog-triage-gold-candidate-same-day-urgent,09-same-day-urgent.json,My senior dog hasn't eaten in three days.,pending,,,,,,unset,,,pending,,,,,,unset,,,pending,,
sameday-chronic-limp-sudden-worse,Chronic limp that suddenly worsens should be same-day.,same-day|chronic|orthopedic,2,question,dog-triage-gold-candidate-same-day-urgent,09-same-day-urgent.json,My dog has had a bad hip for years but today he can barely walk.,pending,,,,,,unset,,,pending,,,,,,unset,,,pending,,
question-anxiety-separation,Separation anxiety with destructive behavior should open behavioral questioning.,question|behavior|anxiety,2,question,dog-triage-gold-candidate-new-families,10-new-families.json,My dog destroys furniture and barks nonstop whenever I leave the house.,pending,,,,,,unset,,,pending,,,,,,unset,,,pending,,
question-anxiety-thunder,Thunder phobia with panting and pacing should open behavioral questioning.,question|behavior|anxiety,2,question,dog-triage-gold-candidate-new-families,10-new-families.json,"During storms my dog pants heavily, hides, and trembles uncontrollably.",pending,,,,,,unset,,,pending,,,,,,unset,,,pending,,
question-bad-breath-chronic,Chronic bad breath should open dental/systemic questioning.,question|dental|breath,2,question,dog-triage-gold-candidate-new-families,10-new-families.json,My dog has extremely bad breath that has been getting worse.,pending,,,,,,unset,,,pending,,,,,,unset,,,pending,,
question-flea-infestation,Visible fleas with scratching should open parasitology questioning.,question|parasite|flea,2,question,dog-triage-gold-candidate-new-families,10-new-families.json,I can see fleas jumping on my dog and he won't stop scratching.,pending,,,,,,unset,,,pending,,,,,,unset,,,pending,,
question-tick-found,Tick found attached to skin should open parasitology questioning.,question|parasite|tick,2,question,dog-triage-gold-candidate-new-families,10-new-families.json,I found a tick embedded in my dog's skin after a walk in the woods.,pending,,,,,,unset,,,pending,,,,,,unset,,,pending,,
question-obesity-gain,Significant weight gain should open nutritional/metabolic questioning.,question|nutrition|obesity,2,question,dog-triage-gold-candidate-new-families,10-new-families.json,My dog has gotten much fatter over the past year and struggles on walks.,pending,,,,,,unset,,,pending,,,,,,unset,,,pending,,
question-paw-licking-chronic,Chronic paw licking should open dermatology/behavioral questioning.,question|dermatology|paw,2,question,dog-triage-gold-candidate-new-families,10-new-families.json,My dog constantly licks her front paws and they are turning brown.,pending,,,,,,unset,,,pending,,,,,,unset,,,pending,,
question-scooting,Scooting on rear end should open anal gland questioning.,question|anal_gland|gi,2,question,dog-triage-gold-candidate-new-families,10-new-families.json,My dog keeps dragging his bottom across the carpet and leaves stool smears behind.,pending,,,,,,unset,,,pending,,,,,,unset,,,pending,,
question-scooting-foul-odor,Scooting with foul odor should open anal gland questioning.,question|anal_gland|gi,2,question,dog-triage-gold-candidate-new-families,10-new-families.json,My dog is scooting and there is a foul fishy leakage on the blankets afterward.,pending,,,,,,unset,,,pending,,,,,,unset,,,pending,,
question-skin-pustules,Skin pustules and redness should open dermatology questioning.,question|dermatology|infection,2,question,dog-triage-gold-candidate-new-families,10-new-families.json,"My dog has red, greasy skin with pus-filled bumps on his belly.",pending,,,,,,unset,,,pending,,,,,,unset,,,pending,,
question-snoring-loud,Loud snoring with breathing pauses should open respiratory questioning.,question|respiratory|sleep,2,question,dog-triage-gold-candidate-new-families,10-new-families.json,My dog snores very loudly and sometimes seems to stop breathing while sleeping.,pending,,,,,,unset,,,pending,,,,,,unset,,,pending,,
question-vaccine-reaction-mild,Mild lethargy after vaccination should open monitoring questioning.,question|vaccination|reaction,2,question,dog-triage-gold-candidate-new-families,10-new-families.json,My puppy got shots yesterday and seems a bit tired and sore today.,pending,,,,,,unset,,,pending,,,,,,unset,,,pending,,
question-urine-marking-indoor,Indoor urine marking in a previously house-trained dog should open behavioral/urinary questioning.,question|behavior|urinary,2,question,dog-triage-gold-candidate-new-families,10-new-families.json,My dog started peeing on furniture even though he was house-trained.,pending,,,,,,unset,,,pending,,,,,,unset,,,pending,,
question-cold-sensitivity,Shivering and reluctance to go outside in cold should open systemic questioning.,question|systemic|cold,2,question,dog-triage-gold-candidate-new-families,10-new-families.json,My dog refuses to go outside in cold weather and shivers even with a sweater.,pending,,,,,,unset,,,pending,,,,,,unset,,,pending,,
question-nail-overgrowth,Overgrown nails clicking on floor should open grooming questioning.,question|grooming|nail,2,question,dog-triage-gold-candidate-new-families,10-new-families.json,My dog's nails are so long they click on the floor and curve under.,pending,,,,,,unset,,,pending,,,,,,unset,,,pending,,
question-drooling-excessive,Excessive drooling in a non-slobber breed should open oral/systemic questioning.,question|oral|drooling,2,question,dog-triage-gold-candidate-new-families,10-new-families.json,My dog is drooling way more than usual and keeps pawing at his mouth.,pending,,,,,,unset,,,pending,,,,,,unset,,,pending,,
question-skin-growth-wart,New wart-like growth on skin should open mass questioning.,question|dermatology|mass,2,question,dog-triage-gold-candidate-new-families,10-new-families.json,My dog has a cauliflower-looking bump on his eyelid.,pending,,,,,,unset,,,pending,,,,,,unset,,,pending,,
question-abdominal-pain,Dog yelps when belly is touched should open abdominal questioning.,question|abdomen|pain,2,question,dog-triage-gold-candidate-new-families,10-new-families.json,My dog yelps when I try to pick him up or touch his stomach.,pending,,,,,,unset,,,pending,,,,,,unset,,,pending,,
question-reverse-sneezing,Episodes of honking inhalation should open respiratory questioning.,question|respiratory,2,question,dog-triage-gold-candidate-new-families,10-new-families.json,My dog makes loud honking noises like he is trying to sneeze but inhaling.,pending,,,,,,unset,,,pending,,,,,,unset,,,pending,,
question-tail-chasing-compulsive,Compulsive tail chasing with self-injury should open behavioral questioning.,question|behavior|compulsive,2,question,dog-triage-gold-candidate-new-families,10-new-families.json,"My dog spins in circles chasing his tail, bites it raw, and snaps if we try to stop him.",pending,,,,,,unset,,,pending,,,,,,unset,,,pending,,
question-face-swelling-mild,Mild facial swelling without breathing issues should open allergic questioning.,question|allergy|face,2,question,dog-triage-gold-candidate-new-families,10-new-families.json,My dog's face looks slightly puffy but he is breathing fine.,pending,,,,,,unset,,,pending,,,,,,unset,,,pending,,
question-chronic-weight-gain,Gradual weight gain should open nutritional questioning.,question|chronic|nutrition,2,question,dog-triage-gold-candidate-new-families,10-new-families.json,My dog has been gradually getting heavier over the last year.,pending,,,,,,unset,,,pending,,,,,,unset,,,pending,,
question-vague-sick-dog,"Vague ""dog is sick"" presentation should open general questioning.",question|vague|low_literacy,2,question,dog-triage-gold-candidate-language-variants,11-language-variants.json,My dog just doesn't seem right.,pending,,,,,,unset,,,pending,,,,,,unset,,,pending,,
question-slang-throwing-up-bricks,Slang description of vomiting should still open GI flow.,question|gi|slang,2,question,dog-triage-gold-candidate-language-variants,11-language-variants.json,My dog keeps hurling his food back up.,pending,,,,,,unset,,,pending,,,,,,unset,,,pending,,
question-contradictory-energy,Contradictory report of energy level should open clarifying questions.,question|contradictory,2,question,dog-triage-gold-candidate-language-variants,11-language-variants.json,My dog is acting fine but also not himself. He runs around but then just lays there.,pending,,,,,,unset,,,pending,,,,,,unset,,,pending,,
question-multi-cough-vomit-itch,Multiple complaints in one message should open prioritized questioning.,question|multi_complaint,2,question,dog-triage-gold-candidate-language-variants,11-language-variants.json,"My dog is coughing, threw up once, and is scratching like crazy.",pending,,,,,,unset,,,pending,,,,,,unset,,,pending,,
question-low-literacy-belly-big,Low-literacy description of abdominal distension should open abdominal questioning.,question|abdomen|low_literacy,2,question,dog-triage-gold-candidate-language-variants,11-language-variants.json,His belly be real big like a balloon.,pending,,,,,,unset,,,pending,,,,,,unset,,,pending,,
question-vague-not-eating,"Vague ""not eating"" should open appetite/dental/systemic questioning.",question|appetite|vague,2,question,dog-triage-gold-candidate-language-variants,11-language-variants.json,He just won't eat his food anymore.,pending,,,,,,unset,,,pending,,,,,,unset,,,pending,,
question-slang-the-runs,Slang for diarrhea should open GI flow.,question|gi|slang,2,question,dog-triage-gold-candidate-language-variants,11-language-variants.json,My dog has the runs really bad.,pending,,,,,,unset,,,pending,,,,,,unset,,,pending,,
question-contradictory-limping,Conflicting weight-bearing details should force a clarifying orthopedic question before limping triage proceeds.,question|orthopedic|contradictory,2,question,dog-triage-gold-candidate-language-variants,11-language-variants.json,Sometimes he limps and sometimes he runs fine. It comes and goes.,pending,,,,,,unset,,,pending,,,,,,unset,,,pending,,
question-multi-lethargy-vomit-drink,Multiple systemic complaints should open prioritized questioning.,question|multi_complaint,2,question,dog-triage-gold-candidate-language-variants,11-language-variants.json,"My dog is tired all the time, vomited yesterday, and drinking a lot.",pending,,,,,,unset,,,pending,,,,,,unset,,,pending,,
question-low-literacy-eye-bad,A plain-language eye complaint should still route into the ophthalmic questioning path.,question|eye|low_literacy,2,question,dog-triage-gold-candidate-language-variants,11-language-variants.json,His eye all goopy and squinty.,pending,,,,,,unset,,,pending,,,,,,unset,,,pending,,
question-vague-lump-found,Vague lump discovery should open mass characterization.,question|mass|vague,2,question,dog-triage-gold-candidate-language-variants,11-language-variants.json,Found something under his skin. Not sure what it is.,pending,,,,,,unset,,,pending,,,,,,unset,,,pending,,
question-slang-his-stomach-upset,Slang for GI upset should open GI questioning.,question|gi|slang,2,question,dog-triage-gold-candidate-language-variants,11-language-variants.json,His stomach is all messed up. He keeps retching.,pending,,,,,,unset,,,pending,,,,,,unset,,,pending,,
question-multi-skin-ear-lick,"Skin, ear, and licking combo should open dermatology flow.",question|multi_complaint,2,question,dog-triage-gold-candidate-language-variants,11-language-variants.json,"She's scratching her ears, her skin is red, and she licks her paws.",pending,,,,,,unset,,,pending,,,,,,unset,,,pending,,
question-contradictory-drinking-peeing,Mismatched thirst-versus-urination details should reopen clarification before urinary triage advances.,question|endocrine|contradictory,2,question,dog-triage-gold-candidate-language-variants,11-language-variants.json,I think she drinks more but I also filled her bowl twice yesterday.,pending,,,,,,unset,,,pending,,,,,,unset,,,pending,,
question-low-literacy-leg-hurt,A simple 'leg hurt' owner phrase should still open the lameness pathway without losing nuance.,question|orthopedic|low_literacy,2,question,dog-triage-gold-candidate-language-variants,11-language-variants.json,His leg be hurting him bad.,pending,,,,,,unset,,,pending,,,,,,unset,,,pending,,
question-vague-coughing-sometimes,Intermittent vague coughing should open respiratory questioning.,question|respiratory|vague,2,question,dog-triage-gold-candidate-language-variants,11-language-variants.json,He does this coughing thing sometimes.,pending,,,,,,unset,,,pending,,,,,,unset,,,pending,,
question-multi-weight-hair-tired,"Weight loss, hair loss, and tiredness should open systemic questioning.",question|multi_complaint,2,question,dog-triage-gold-candidate-language-variants,11-language-variants.json,"My dog is getting thinner, losing hair, and always sleeping.",pending,,,,,,unset,,,pending,,,,,,unset,,,pending,,
question-slang-the-shakes,Slang for trembling should open neurologic questioning.,question|neurologic|slang,2,question,dog-triage-gold-candidate-language-variants,11-language-variants.json,My dog has got the shakes.,pending,,,,,,unset,,,pending,,,,,,unset,,,pending,,
question-low-literacy-belly-hurt,Low-literacy abdominal pain should open abdominal questioning.,question|abdomen|low_literacy,2,question,dog-triage-gold-candidate-language-variants,11-language-variants.json,Her belly hurt. She cries when she moves.,pending,,,,,,unset,,,pending,,,,,,unset,,,pending,,
question-contradictory-vomiting,Contradictory vomiting timeline should open clarifying questions.,question|gi|contradictory,2,question,dog-triage-gold-candidate-language-variants,11-language-variants.json,She threw up this morning but also maybe it was yesterday. I'm not sure.,pending,,,,,,unset,,,pending,,,,,,unset,,,pending,,
followup-diarrhea-onset-unknown,"If the owner cannot place when diarrhea started, store onset as unknown and continue the GI follow-up.",followup|unknown|gi,2,question,dog-triage-gold-candidate-followup-unknowns,12-followup-unknowns.json,I honestly don't remember exactly when it started.,pending,,,,,,unset,,,pending,,,,,,unset,,,pending,,
followup-vomit-color-unknown,Missing vomit color observation should record unknown without breaking the vomiting flow.,followup|unknown|gi,2,question,dog-triage-gold-candidate-followup-unknowns,12-followup-unknowns.json,I didn't really look at what color it was.,pending,,,,,,unset,,,pending,,,,,,unset,,,pending,,
followup-limping-which-leg-unknown,"When the owner cannot identify the affected leg, the orthopedic follow-up should capture unknown and continue.",followup|unknown|orthopedic,2,question,dog-triage-gold-candidate-followup-unknowns,12-followup-unknowns.json,"I can't tell which leg it is, he just seems off.",pending,,,,,,unset,,,pending,,,,,,unset,,,pending,,
followup-cough-duration-unknown,Unclear cough duration should be preserved as unknown while respiratory questioning keeps moving.,followup|unknown|respiratory,2,question,dog-triage-gold-candidate-followup-unknowns,12-followup-unknowns.json,I'm not sure how long he's been coughing.,pending,,,,,,unset,,,pending,,,,,,unset,,,pending,,
followup-itch-location-unknown,"If the owner cannot localize the itch, the dermatology flow should safely retain an unknown location.",followup|unknown|dermatology,2,question,dog-triage-gold-candidate-followup-unknowns,12-followup-unknowns.json,"She scratches everywhere, I can't pinpoint it.",pending,,,,,,unset,,,pending,,,,,,unset,,,pending,,
followup-urine-color-unknown,"Urine color can remain unknown when it was not observed, as long as urinary questioning continues safely.",followup|unknown|urinary,2,question,dog-triage-gold-candidate-followup-unknowns,12-followup-unknowns.json,I didn't notice the color of her urine.,pending,,,,,,unset,,,pending,,,,,,unset,,,pending,,
followup-lump-size-unknown,An unmeasured skin mass should keep its size field unknown without blocking the mass workup.,followup|unknown|mass,2,question,dog-triage-gold-candidate-followup-unknowns,12-followup-unknowns.json,I found it but I'm not sure how big it is.,pending,,,,,,unset,,,pending,,,,,,unset,,,pending,,
followup-discharge-color-unknown,"When nasal discharge color was not seen, record unknown and continue the respiratory follow-up.",followup|unknown|respiratory,2,question,dog-triage-gold-candidate-followup-unknowns,12-followup-unknowns.json,There's discharge but I can't tell what color.,pending,,,,,,unset,,,pending,,,,,,unset,,,pending,,
followup-energy-level-unknown,Energy change can stay unknown when the owner truly cannot compare it to baseline.,followup|unknown|systemic,2,question,dog-triage-gold-candidate-followup-unknowns,12-followup-unknowns.json,"I'm not sure if his energy is different, he's always been pretty calm.",pending,,,,,,unset,,,pending,,,,,,unset,,,pending,,
followup-wound-depth-unknown,"If the owner cannot judge wound depth, the skin-wound flow should store unknown and keep triage safe.",followup|unknown|wound,2,question,dog-triage-gold-candidate-followup-unknowns,12-followup-unknowns.json,I can see a wound but I don't know how deep it goes.,pending,,,,,,unset,,,pending,,,,,,unset,,,pending,,
followup-vomit-frequency-unknown,Vomiting frequency should accept an unknown answer when episodes were not fully observed.,followup|unknown|gi,2,question,dog-triage-gold-candidate-followup-unknowns,12-followup-unknowns.json,I'm not sure how many times she threw up.,pending,,,,,,unset,,,pending,,,,,,unset,,,pending,,
followup-temperature-unknown,"If no rectal temperature was taken, the fever check should record unknown and move to the next safe observable.",followup|unknown|systemic,2,question,dog-triage-gold-candidate-followup-unknowns,12-followup-unknowns.json,I don't have a thermometer so I can't tell if she has a fever.,pending,,,,,,unset,,,pending,,,,,,unset,,,pending,,
followup-diarrhea-frequency-unknown,Frequency uncertainty should not end the diarrhea flow when the owner only knows the stool is abnormal.,followup|unknown|gi,2,question,dog-triage-gold-candidate-followup-unknowns,12-followup-unknowns.json,I'm not sure how many times he went.,pending,,,,,,unset,,,pending,,,,,,unset,,,pending,,
question-senior-cognitive-dysfunction,Senior dog with confusion and disorientation should open geriatric questioning.,question|senior|cognitive,2,question,dog-triage-gold-candidate-senior-chronic,13-senior-chronic.json,My old dog gets stuck in corners and stares at walls.,pending,,,,,,unset,,,pending,,,,,,unset,,,pending,,
question-senior-arthritis-worsening,Worsening arthritis symptoms should open mobility questioning.,question|senior|mobility,2,question,dog-triage-gold-candidate-senior-chronic,13-senior-chronic.json,My dog has arthritis but it seems much worse lately. He can barely stand.,pending,,,,,,unset,,,pending,,,,,,unset,,,pending,,
question-chronic-ear-infections,Recurrent ear infections should open chronic management questioning.,question|chronic|ear,2,question,dog-triage-gold-candidate-senior-chronic,13-senior-chronic.json,My dog gets ear infections every few months and I'm tired of it.,pending,,,,,,unset,,,pending,,,,,,unset,,,pending,,
question-chronic-skin-allergies,Chronic itchy flares with greasy odor should open recurrent dermatology questioning.,question|chronic|allergy,2,question,dog-triage-gold-candidate-senior-chronic,13-senior-chronic.json,My dog gets itchy every spring and his coat gets greasy and yeasty-smelling.,pending,,,,,,unset,,,pending,,,,,,unset,,,pending,,
question-senior-vision-loss,Vision loss in senior dog should open geriatric/neurologic questioning.,question|senior|eye,2,question,dog-triage-gold-candidate-senior-chronic,13-senior-chronic.json,My old dog bumps into furniture and seems to have trouble seeing.,pending,,,,,,unset,,,pending,,,,,,unset,,,pending,,
question-senior-hearing-loss,Hearing loss in senior dog should open geriatric questioning.,question|senior|hearing,2,question,dog-triage-gold-candidate-senior-chronic,13-senior-chronic.json,My dog doesn't respond when I call his name anymore.,pending,,,,,,unset,,,pending,,,,,,unset,,,pending,,
question-chronic-intermittent-vomiting,Intermittent vomiting over months should open chronic GI questioning.,question|chronic|gi,2,question,dog-triage-gold-candidate-senior-chronic,13-senior-chronic.json,My dog throws up once every week or so for the past few months.,pending,,,,,,unset,,,pending,,,,,,unset,,,pending,,
question-senior-incontinence,Urinary incontinence in senior dog should open urinary questioning.,question|senior|urinary,2,question,dog-triage-gold-candidate-senior-chronic,13-senior-chronic.json,My old dog leaks urine while sleeping.,pending,,,,,,unset,,,pending,,,,,,unset,,,pending,,
question-chronic-chronic-diarrhea,Chronic intermittent diarrhea should open GI questioning.,question|chronic|gi,2,question,dog-triage-gold-candidate-senior-chronic,13-senior-chronic.json,My dog has soft stool on and off for months.,pending,,,,,,unset,,,pending,,,,,,unset,,,pending,,
question-senior-chronic-cough,Chronic cough in senior should open cardiac/respiratory questioning.,question|senior|respiratory,2,question,dog-triage-gold-candidate-senior-chronic,13-senior-chronic.json,My old dog has been coughing on and off for months.,pending,,,,,,unset,,,pending,,,,,,unset,,,pending,,
question-multi-senior-decline-combo,Multiple senior decline signs should open comprehensive geriatric questioning.,question|senior|multi_complaint,2,question,dog-triage-gold-candidate-senior-chronic,13-senior-chronic.json,"My dog is sleeping all day, not eating well, and seems confused.",pending,,,,,,unset,,,pending,,,,,,unset,,,pending,,
question-senior-dental-decay,Severe dental decay in senior should open dental questioning.,question|senior|dental,2,question,dog-triage-gold-candidate-senior-chronic,13-senior-chronic.json,"My old dog has terrible teeth, some are falling out.",pending,,,,,,unset,,,pending,,,,,,unset,,,pending,,
